host_id,host_name,host_since,host_is_superhost,host_listings_count,host_response_rate,host_identity_verified
1001,Host_1001,2012-07-01,f,4,90%,t
1002,Host_1002,2010-07-24,t,2,75%,f
1003,Host_1003,2016-03-03,f,15,71%,t
1004,Host_1004,2015-06-30,t,5,77%,f
1005,Host_1005,2015-01-03,t,2,92%,t
1006,Host_1006,2013-02-17,t,4,84%,f
1007,Host_1007,2012-04-19,t,10,84%,f
1008,Host_1008,2022-03-26,t,1,86%,f
1009,Host_1009,2011-12-14,t,4,86%,t
1010,Host_1010,2019-06-19,t,15,89%,t
1011,Host_1011,2010-09-18,f,15,75%,t
1012,Host_1012,2010-09-02,t,5,81%,t
1013,Host_1013,2012-02-07,t,2,81%,t
1014,Host_1014,2014-11-27,t,2,99%,t
1015,Host_1015,2015-03-21,t,5,79%,f
1016,Host_1016,2021-05-02,f,5,82%,t
1017,Host_1017,2010-08-06,t,1,83%,t
1018,Host_1018,2014-06-17,t,3,94%,t
1019,Host_1019,2022-03-23,f,2,80%,f
1020,Host_1020,2019-05-30,t,1,91%,f
1021,Host_1021,2014-12-11,f,5,89%,t
1022,Host_1022,2020-01-28,t,3,71%,f
1023,Host_1023,2016-03-28,t,1,95%,t
1024,Host_1024,2010-02-23,t,2,90%,t
1025,Host_1025,2013-07-31,t,1,90%,t
1026,Host_1026,2019-06-25,t,10,80%,t
1027,Host_1027,2017-08-19,t,3,72%,f
1028,Host_1028,2016-03-26,t,8,80%,t
1029,Host_1029,2013-06-27,t,1,73%,t
1030,Host_1030,2014-10-30,f,15,87%,f
1031,Host_1031,2017-07-20,t,15,91%,t
1032,Host_1032,2012-04-17,f,10,82%,t
1033,Host_1033,2012-01-30,f,1,79%,f
1034,Host_1034,2018-07-10,t,4,78%,f
1035,Host_1035,2012-03-03,t,2,93%,t
1036,Host_1036,2018-01-19,t,8,97%,t
1037,Host_1037,2017-09-18,t,1,91%,f
1038,Host_1038,2015-12-07,f,2,100%,t
1039,Host_1039,2010-12-22,t,1,99%,t
1040,Host_1040,2020-04-21,f,4,89%,t
1041,Host_1041,2022-01-10,t,2,97%,f
1042,Host_1042,2012-10-19,f,8,74%,f
1043,Host_1043,2018-06-28,t,4,80%,t
1044,Host_1044,2011-10-08,t,1,72%,f
1045,Host_1045,2016-07-29,t,2,88%,t
1046,Host_1046,2018-02-10,t,8,91%,f
1047,Host_1047,2014-04-25,f,1,74%,f
1048,Host_1048,2011-07-24,t,10,99%,f
1049,Host_1049,2011-01-11,t,8,81%,t
1050,Host_1050,2015-02-10,t,10,79%,f
1051,Host_1051,2016-06-28,f,2,100%,f
1052,Host_1052,2011-10-16,t,1,90%,t
1053,Host_1053,2015-03-23,t,2,92%,t
1054,Host_1054,2012-04-07,t,4,91%,t
1055,Host_1055,2018-07-11,f,5,82%,t
1056,Host_1056,2016-03-27,f,1,74%,t
1057,Host_1057,2020-03-03,t,1,89%,f
1058,Host_1058,2018-03-08,f,2,92%,t
1059,Host_1059,2013-08-25,t,1,100%,t
1060,Host_1060,2018-04-21,t,5,72%,f
1061,Host_1061,2017-12-20,f,2,79%,t
1062,Host_1062,2014-09-13,t,1,87%,f
1063,Host_1063,2015-12-28,f,3,82%,f
1064,Host_1064,2011-08-08,t,3,90%,f
1065,Host_1065,2013-11-02,t,10,95%,t
1066,Host_1066,2021-12-24,t,2,80%,f
1067,Host_1067,2015-06-29,t,3,96%,t
1068,Host_1068,2013-08-31,t,1,74%,t
1069,Host_1069,2020-05-14,t,10,91%,f
1070,Host_1070,2018-07-06,f,1,92%,f
1071,Host_1071,2016-01-21,t,10,96%,f
1072,Host_1072,2014-12-05,t,2,100%,t
1073,Host_1073,2017-04-10,f,5,93%,f
1074,Host_1074,2011-04-04,t,4,91%,t
1075,Host_1075,2015-02-20,f,8,99%,f
1076,Host_1076,2010-09-20,f,5,86%,t
1077,Host_1077,2017-01-28,t,2,72%,t
1078,Host_1078,2018-12-31,t,1,90%,f
1079,Host_1079,2016-01-03,t,2,91%,f
1080,Host_1080,2011-06-27,t,5,83%,f
1081,Host_1081,2014-09-25,t,10,86%,f
1082,Host_1082,2017-01-21,t,8,81%,t
1083,Host_1083,2014-10-08,f,8,70%,t
1084,Host_1084,2021-03-13,t,1,81%,f
1085,Host_1085,2018-11-16,t,8,79%,t
1086,Host_1086,2020-04-16,t,4,75%,t
1087,Host_1087,2013-03-16,f,8,100%,f
1088,Host_1088,2015-12-10,f,5,76%,f
1089,Host_1089,2013-02-17,f,1,80%,t
1090,Host_1090,2015-07-14,t,5,100%,t
1091,Host_1091,2022-02-02,t,5,94%,t
1092,Host_1092,2015-11-23,t,15,85%,t
1093,Host_1093,2019-08-11,t,1,76%,t
1094,Host_1094,2018-12-16,t,1,77%,t
1095,Host_1095,2018-02-13,f,5,74%,t
1096,Host_1096,2014-12-02,t,1,74%,t
1097,Host_1097,2013-02-07,t,1,72%,f
1098,Host_1098,2021-06-06,t,1,79%,t
1099,Host_1099,2021-01-25,f,15,97%,t
1100,Host_1100,2012-01-15,t,2,95%,f
1101,Host_1101,2011-01-21,f,10,73%,f
1102,Host_1102,2012-06-17,f,4,86%,t
1103,Host_1103,2013-06-06,f,10,94%,f
1104,Host_1104,2013-08-03,t,8,87%,f
1105,Host_1105,2019-06-21,t,4,96%,t
1106,Host_1106,2011-06-05,t,8,93%,f
1107,Host_1107,2018-08-19,f,5,98%,t
1108,Host_1108,2018-07-24,t,1,86%,f
1109,Host_1109,2020-07-01,t,1,71%,t
1110,Host_1110,2021-11-13,t,4,91%,f
1111,Host_1111,2015-08-22,f,4,80%,t
1112,Host_1112,2010-04-05,f,5,98%,f
1113,Host_1113,2012-07-27,t,2,94%,t
1114,Host_1114,2022-01-16,t,1,89%,f
1115,Host_1115,2015-12-26,t,5,74%,t
1116,Host_1116,2017-08-18,t,3,89%,t
1117,Host_1117,2012-07-02,f,15,82%,t
1118,Host_1118,2016-08-01,t,1,74%,t
1119,Host_1119,2019-10-02,f,1,75%,f
1120,Host_1120,2013-07-19,t,1,75%,t
1121,Host_1121,2020-03-05,t,2,96%,f
1122,Host_1122,2010-01-27,t,1,92%,t
1123,Host_1123,2015-11-28,t,1,94%,f
1124,Host_1124,2021-03-24,t,2,89%,f
1125,Host_1125,2014-01-03,f,10,95%,f
1126,Host_1126,2021-05-21,t,4,98%,f
1127,Host_1127,2012-05-21,f,4,75%,f
1128,Host_1128,2016-09-10,t,15,93%,t
1129,Host_1129,2021-05-21,t,8,84%,f
1130,Host_1130,2014-06-18,f,10,71%,t
1131,Host_1131,2013-06-06,f,10,83%,t
1132,Host_1132,2018-05-22,t,1,81%,t
1133,Host_1133,2013-08-16,t,4,91%,t
1134,Host_1134,2022-02-05,t,1,93%,f
1135,Host_1135,2021-11-23,t,2,77%,t
1136,Host_1136,2010-01-05,f,2,84%,t
1137,Host_1137,2017-04-09,f,2,89%,t
1138,Host_1138,2020-12-16,t,4,79%,t
1139,Host_1139,2010-06-09,t,4,94%,f
1140,Host_1140,2012-07-05,t,15,93%,t
1141,Host_1141,2018-02-21,t,2,95%,f
1142,Host_1142,2016-11-24,f,4,84%,f
1143,Host_1143,2015-05-16,t,15,77%,t
1144,Host_1144,2011-04-20,t,1,87%,t
1145,Host_1145,2015-05-28,f,3,77%,t
1146,Host_1146,2011-10-08,t,1,79%,t
1147,Host_1147,2011-12-03,t,10,100%,f
1148,Host_1148,2020-11-25,f,8,95%,f
1149,Host_1149,2011-07-21,t,2,95%,t
1150,Host_1150,2021-12-12,t,3,85%,t
1151,Host_1151,2012-10-27,t,2,98%,t
1152,Host_1152,2012-11-17,t,15,96%,f
1153,Host_1153,2020-08-29,t,10,76%,f
1154,Host_1154,2013-09-14,f,4,81%,f
1155,Host_1155,2015-12-12,f,8,91%,t
1156,Host_1156,2021-11-01,t,4,100%,t
1157,Host_1157,2019-06-29,f,1,88%,t
1158,Host_1158,2014-10-02,t,1,84%,t
1159,Host_1159,2022-02-04,t,8,84%,t
1160,Host_1160,2014-07-06,f,15,94%,t
1161,Host_1161,2016-12-28,f,8,79%,t
1162,Host_1162,2018-12-13,t,2,94%,f
1163,Host_1163,2018-05-18,t,8,82%,t
1164,Host_1164,2019-10-29,f,1,86%,t
1165,Host_1165,2021-08-10,f,4,86%,t
1166,Host_1166,2020-02-16,t,3,83%,f
1167,Host_1167,2012-09-18,f,5,100%,t
1168,Host_1168,2015-07-24,t,15,75%,f
1169,Host_1169,2015-01-15,f,8,96%,t
1170,Host_1170,2011-06-09,t,2,76%,t
1171,Host_1171,2017-08-01,t,1,95%,t
1172,Host_1172,2010-06-22,f,1,89%,f
1173,Host_1173,2015-03-01,f,10,74%,t
1174,Host_1174,2014-12-10,t,5,97%,f
1175,Host_1175,2010-02-28,t,15,78%,f
1176,Host_1176,2011-08-05,f,3,71%,t
1177,Host_1177,2011-04-28,t,5,90%,t
1178,Host_1178,2015-02-19,t,8,85%,t
1179,Host_1179,2011-07-07,t,2,97%,f
1180,Host_1180,2010-09-15,f,1,81%,f
1181,Host_1181,2017-05-30,f,1,87%,f
1182,Host_1182,2011-08-04,t,10,99%,t
1183,Host_1183,2021-07-13,t,2,73%,t
1184,Host_1184,2015-05-04,t,4,92%,t
1185,Host_1185,2016-03-31,f,1,97%,f
1186,Host_1186,2020-11-20,t,1,86%,f
1187,Host_1187,2014-10-22,t,1,97%,t
1188,Host_1188,2022-02-04,t,2,73%,f
1189,Host_1189,2012-12-19,t,1,79%,t
1190,Host_1190,2020-08-08,t,5,72%,t
1191,Host_1191,2015-06-14,t,1,94%,t
1192,Host_1192,2020-08-10,t,15,75%,t
1193,Host_1193,2019-02-17,t,1,78%,t
1194,Host_1194,2014-04-09,t,1,84%,f
1195,Host_1195,2012-02-12,t,1,98%,t
1196,Host_1196,2012-03-05,t,3,86%,t
1197,Host_1197,2019-09-02,f,4,74%,f
1198,Host_1198,2017-12-12,t,2,96%,t
1199,Host_1199,2019-07-02,f,1,83%,t
1200,Host_1200,2019-03-22,f,1,72%,f
1201,Host_1201,2020-06-22,t,1,100%,t
1202,Host_1202,2011-03-20,t,1,99%,t
1203,Host_1203,2012-03-17,t,2,77%,f
1204,Host_1204,2011-05-12,t,10,96%,t
1205,Host_1205,2019-01-12,f,3,84%,t
1206,Host_1206,2017-08-11,t,4,98%,f
1207,Host_1207,2012-06-14,f,2,81%,t
1208,Host_1208,2015-07-30,f,4,99%,t
1209,Host_1209,2014-04-19,t,15,70%,t
1210,Host_1210,2014-04-08,t,5,83%,t
1211,Host_1211,2022-01-11,f,15,71%,f
1212,Host_1212,2020-01-24,t,1,82%,t
1213,Host_1213,2013-02-22,t,3,86%,t
1214,Host_1214,2019-06-19,t,5,81%,f
1215,Host_1215,2014-02-12,f,2,77%,f
1216,Host_1216,2016-03-31,t,2,82%,t
1217,Host_1217,2020-05-17,t,1,72%,f
1218,Host_1218,2015-08-09,t,3,81%,f
1219,Host_1219,2011-09-10,f,3,77%,f
1220,Host_1220,2019-12-10,t,15,70%,t
1221,Host_1221,2012-03-13,t,1,80%,t
1222,Host_1222,2011-02-19,t,8,99%,t
1223,Host_1223,2022-02-15,f,15,73%,t
1224,Host_1224,2010-05-01,f,3,96%,t
1225,Host_1225,2012-02-04,t,1,92%,t
1226,Host_1226,2015-04-21,t,2,90%,t
1227,Host_1227,2013-09-24,t,15,80%,t
1228,Host_1228,2019-02-12,t,2,95%,f
1229,Host_1229,2020-11-22,f,1,74%,t
1230,Host_1230,2020-10-18,t,10,74%,t
1231,Host_1231,2014-10-18,f,1,71%,t
1232,Host_1232,2018-12-30,t,1,79%,t
1233,Host_1233,2011-04-26,f,2,99%,f
1234,Host_1234,2013-09-10,t,4,96%,f
1235,Host_1235,2018-07-02,t,2,85%,t
1236,Host_1236,2010-01-18,t,8,92%,t
1237,Host_1237,2018-10-04,t,1,96%,t
1238,Host_1238,2015-12-13,t,5,74%,t
1239,Host_1239,2020-03-16,t,4,94%,f
1240,Host_1240,2016-05-25,t,1,92%,f
1241,Host_1241,2019-06-28,t,5,85%,f
1242,Host_1242,2020-11-30,t,1,84%,t
1243,Host_1243,2013-06-22,f,15,89%,t
1244,Host_1244,2014-04-05,t,8,70%,f
1245,Host_1245,2016-08-27,f,8,98%,t
1246,Host_1246,2014-11-19,t,1,72%,t
1247,Host_1247,2011-04-25,f,4,70%,t
1248,Host_1248,2022-02-28,t,10,78%,t
1249,Host_1249,2011-05-15,t,1,76%,t
1250,Host_1250,2017-01-13,f,4,96%,t
1251,Host_1251,2011-04-14,t,10,74%,f
1252,Host_1252,2011-02-15,t,8,87%,t
1253,Host_1253,2020-09-10,t,2,100%,f
1254,Host_1254,2021-04-12,f,1,93%,t
1255,Host_1255,2021-11-29,f,1,89%,f
1256,Host_1256,2013-07-13,f,1,86%,t
1257,Host_1257,2011-04-11,t,2,83%,t
1258,Host_1258,2021-05-23,f,2,73%,f
1259,Host_1259,2011-10-19,f,15,94%,t
1260,Host_1260,2014-03-03,t,4,79%,t
1261,Host_1261,2011-07-16,t,8,77%,f
1262,Host_1262,2011-07-11,t,8,79%,f
1263,Host_1263,2015-04-11,f,1,73%,t
1264,Host_1264,2019-01-21,t,1,71%,t
1265,Host_1265,2012-09-09,t,1,77%,f
1266,Host_1266,2015-07-10,f,2,83%,f
1267,Host_1267,2010-11-22,t,5,90%,t
1268,Host_1268,2011-11-03,f,3,95%,t
1269,Host_1269,2019-05-28,t,5,89%,f
1270,Host_1270,2021-09-22,f,1,84%,t
1271,Host_1271,2017-02-04,f,5,72%,t
1272,Host_1272,2015-11-07,f,2,73%,t
1273,Host_1273,2014-08-01,f,15,96%,f
1274,Host_1274,2017-01-17,t,1,98%,t
1275,Host_1275,2015-05-10,f,5,85%,t
1276,Host_1276,2015-12-16,t,2,89%,t
1277,Host_1277,2018-11-17,f,3,87%,t
1278,Host_1278,2012-12-08,f,5,70%,t
1279,Host_1279,2016-09-23,t,2,90%,t
1280,Host_1280,2020-04-03,t,1,86%,t
1281,Host_1281,2017-02-03,t,8,88%,t
1282,Host_1282,2011-08-18,t,1,77%,t
1283,Host_1283,2010-03-18,f,8,92%,t
1284,Host_1284,2020-04-12,t,1,74%,t
1285,Host_1285,2012-03-30,f,1,79%,t
1286,Host_1286,2011-08-24,t,1,83%,t
1287,Host_1287,2022-01-22,t,3,70%,t
1288,Host_1288,2014-10-13,t,1,89%,f
1289,Host_1289,2021-05-07,t,8,81%,f
1290,Host_1290,2015-12-13,f,2,77%,f
1291,Host_1291,2012-12-21,t,1,88%,t
1292,Host_1292,2017-10-30,t,2,83%,t
1293,Host_1293,2011-07-18,t,1,75%,f
1294,Host_1294,2015-06-25,t,2,91%,t
1295,Host_1295,2018-04-16,f,2,91%,f
1296,Host_1296,2016-05-23,t,5,72%,t
1297,Host_1297,2013-07-16,f,5,86%,t
1298,Host_1298,2019-10-30,f,4,81%,f
1299,Host_1299,2022-03-09,t,1,72%,t
1300,Host_1300,2016-10-14,t,1,100%,t
1301,Host_1301,2021-11-12,t,1,86%,t
1302,Host_1302,2010-03-06,t,15,87%,t
1303,Host_1303,2016-09-18,t,1,86%,t
1304,Host_1304,2012-04-28,f,3,95%,f
1305,Host_1305,2013-01-05,t,4,86%,f
1306,Host_1306,2015-12-07,t,3,87%,f
1307,Host_1307,2012-08-03,t,3,70%,t
1308,Host_1308,2012-05-26,t,3,82%,f
1309,Host_1309,2013-06-27,t,1,97%,t
1310,Host_1310,2016-02-10,t,3,85%,f
1311,Host_1311,2016-04-27,f,5,71%,t
1312,Host_1312,2014-09-22,f,15,90%,t
1313,Host_1313,2017-09-09,f,15,82%,f
1314,Host_1314,2014-07-26,t,1,81%,t
1315,Host_1315,2015-12-03,f,2,78%,t
1316,Host_1316,2021-05-03,t,1,93%,t
1317,Host_1317,2020-12-16,t,1,70%,t
1318,Host_1318,2015-08-20,t,2,81%,t
1319,Host_1319,2011-02-21,t,1,95%,t
1320,Host_1320,2012-01-27,t,2,72%,f
1321,Host_1321,2019-07-02,f,1,81%,f
1322,Host_1322,2016-03-16,t,1,77%,t
1323,Host_1323,2010-12-28,t,1,93%,t
1324,Host_1324,2010-01-30,t,2,91%,f
1325,Host_1325,2017-06-25,f,3,90%,f
1326,Host_1326,2012-12-07,f,1,73%,t
1327,Host_1327,2015-11-16,f,8,94%,f
1328,Host_1328,2013-08-16,t,2,88%,f
1329,Host_1329,2019-11-29,f,5,93%,t
1330,Host_1330,2019-08-05,t,1,94%,t
1331,Host_1331,2010-03-21,f,2,80%,f
1332,Host_1332,2012-07-05,t,1,74%,f
1333,Host_1333,2011-09-09,t,1,71%,t
1334,Host_1334,2013-05-06,f,2,81%,f
1335,Host_1335,2022-03-28,t,2,87%,t
1336,Host_1336,2010-10-23,t,4,80%,f
1337,Host_1337,2018-04-13,t,1,96%,f
1338,Host_1338,2013-04-28,f,1,90%,t
1339,Host_1339,2019-08-22,f,1,75%,t
1340,Host_1340,2012-11-10,t,8,96%,f
1341,Host_1341,2010-12-09,f,10,94%,t
1342,Host_1342,2016-11-30,t,3,91%,t
1343,Host_1343,2018-03-07,f,10,84%,f
1344,Host_1344,2010-11-23,t,1,92%,f
1345,Host_1345,2018-01-10,f,5,85%,t
1346,Host_1346,2014-09-17,t,5,90%,f
1347,Host_1347,2015-08-07,f,1,75%,f
1348,Host_1348,2012-04-22,t,3,95%,t
1349,Host_1349,2017-12-07,f,4,74%,t
1350,Host_1350,2019-02-12,t,1,72%,t
1351,Host_1351,2013-06-20,t,15,92%,f
1352,Host_1352,2015-04-24,t,10,94%,t
1353,Host_1353,2013-08-24,t,1,100%,t
1354,Host_1354,2013-12-21,t,10,84%,f
1355,Host_1355,2019-04-01,t,1,71%,t
1356,Host_1356,2010-07-23,t,5,79%,f
1357,Host_1357,2014-01-09,t,1,76%,f
1358,Host_1358,2017-06-14,t,8,71%,t
1359,Host_1359,2019-03-27,t,15,95%,t
1360,Host_1360,2015-07-26,f,3,76%,f
1361,Host_1361,2015-12-26,t,4,98%,t
1362,Host_1362,2013-07-28,t,10,71%,t
1363,Host_1363,2012-06-04,t,4,80%,t
1364,Host_1364,2018-07-31,t,10,99%,t
1365,Host_1365,2010-11-14,f,1,79%,f
1366,Host_1366,2020-07-22,f,1,86%,t
1367,Host_1367,2014-12-28,f,8,82%,t
1368,Host_1368,2014-06-23,f,5,96%,f
1369,Host_1369,2020-04-28,t,10,87%,t
1370,Host_1370,2017-11-04,f,4,85%,f
1371,Host_1371,2016-11-05,f,8,78%,t
1372,Host_1372,2015-02-08,f,2,71%,f
1373,Host_1373,2015-01-01,t,2,94%,t
1374,Host_1374,2010-07-13,t,1,90%,f
1375,Host_1375,2014-05-02,f,5,76%,t
1376,Host_1376,2018-12-09,t,1,79%,t
1377,Host_1377,2017-05-13,t,4,81%,t
1378,Host_1378,2016-04-01,f,1,97%,t
1379,Host_1379,2011-07-23,t,1,94%,f
1380,Host_1380,2016-04-05,t,4,71%,t
1381,Host_1381,2017-11-16,t,3,97%,f
1382,Host_1382,2021-06-05,f,1,90%,t
1383,Host_1383,2018-12-19,t,8,80%,t
1384,Host_1384,2022-01-10,t,10,78%,t
1385,Host_1385,2017-06-05,t,3,73%,t
1386,Host_1386,2010-08-15,t,10,95%,f
1387,Host_1387,2012-08-02,t,10,81%,t
1388,Host_1388,2015-11-10,t,3,83%,f
1389,Host_1389,2014-01-02,t,1,98%,t
1390,Host_1390,2015-12-15,f,2,82%,t
1391,Host_1391,2010-11-10,t,10,93%,t
1392,Host_1392,2012-06-07,f,3,84%,t
1393,Host_1393,2019-09-30,f,3,98%,t
1394,Host_1394,2017-10-02,t,15,100%,t
1395,Host_1395,2017-01-13,t,2,82%,t
1396,Host_1396,2019-10-15,t,1,80%,t
1397,Host_1397,2021-06-21,t,5,75%,f
1398,Host_1398,2012-08-05,t,2,85%,f
1399,Host_1399,2018-08-22,t,2,92%,f
1400,Host_1400,2014-04-07,t,4,85%,t
1401,Host_1401,2015-09-18,t,2,81%,t
1402,Host_1402,2010-12-30,f,3,99%,t
1403,Host_1403,2019-10-13,t,2,95%,t
1404,Host_1404,2010-01-14,f,1,86%,t
1405,Host_1405,2021-08-30,f,4,78%,t
1406,Host_1406,2022-01-28,f,5,95%,t
1407,Host_1407,2014-06-03,t,2,72%,f
1408,Host_1408,2018-03-03,t,1,93%,f
1409,Host_1409,2019-09-04,t,10,83%,f
1410,Host_1410,2011-07-28,t,1,72%,t
1411,Host_1411,2017-05-28,t,1,83%,f
1412,Host_1412,2017-01-15,f,5,89%,t
1413,Host_1413,2012-10-17,t,1,96%,t
1414,Host_1414,2016-09-26,t,10,75%,t
1415,Host_1415,2021-05-17,f,4,87%,f
1416,Host_1416,2016-12-08,t,10,79%,t
1417,Host_1417,2019-02-28,f,2,80%,f
1418,Host_1418,2017-04-26,t,10,73%,t
1419,Host_1419,2019-01-10,t,2,72%,f
1420,Host_1420,2016-08-19,t,4,80%,t
1421,Host_1421,2012-11-08,t,8,91%,t
1422,Host_1422,2014-04-21,f,2,79%,t
1423,Host_1423,2019-06-07,t,1,79%,t
1424,Host_1424,2018-07-03,t,10,84%,t
1425,Host_1425,2013-11-26,t,10,89%,f
1426,Host_1426,2016-10-01,t,1,92%,f
1427,Host_1427,2019-02-09,f,1,83%,f
1428,Host_1428,2022-04-16,t,3,75%,t
1429,Host_1429,2010-01-04,t,8,92%,f
1430,Host_1430,2016-10-25,t,5,84%,t
1431,Host_1431,2016-06-08,f,2,81%,t
1432,Host_1432,2014-09-18,t,1,84%,t
1433,Host_1433,2019-08-23,t,4,71%,t
1434,Host_1434,2017-03-24,t,2,93%,t
1435,Host_1435,2020-06-06,t,3,97%,t
1436,Host_1436,2019-11-29,t,4,99%,t
1437,Host_1437,2019-12-02,f,1,81%,t
1438,Host_1438,2014-10-17,t,10,89%,f
1439,Host_1439,2021-06-19,t,1,83%,t
1440,Host_1440,2020-08-12,t,2,78%,t
1441,Host_1441,2013-10-22,t,3,90%,f
1442,Host_1442,2011-11-26,t,8,95%,t
1443,Host_1443,2016-05-13,t,2,100%,f
1444,Host_1444,2021-07-24,f,1,71%,t
1445,Host_1445,2017-07-08,t,2,72%,t
1446,Host_1446,2012-02-05,f,2,91%,t
1447,Host_1447,2015-04-09,t,10,90%,t
1448,Host_1448,2016-12-17,f,10,82%,t
1449,Host_1449,2015-01-15,t,2,81%,f
1450,Host_1450,2014-06-20,t,4,86%,t
1451,Host_1451,2013-04-22,t,2,95%,t
1452,Host_1452,2010-07-20,t,1,93%,f
1453,Host_1453,2011-01-14,f,2,91%,f
1454,Host_1454,2015-06-29,f,4,75%,f
1455,Host_1455,2020-08-28,t,10,100%,t
1456,Host_1456,2011-08-20,t,10,70%,t
1457,Host_1457,2020-03-19,f,3,74%,f
1458,Host_1458,2019-04-19,t,2,97%,t
1459,Host_1459,2014-05-12,f,2,89%,t
1460,Host_1460,2018-08-12,t,1,91%,t
1461,Host_1461,2021-02-01,f,2,95%,t
1462,Host_1462,2018-12-18,f,10,84%,f
1463,Host_1463,2015-06-22,f,10,71%,t
1464,Host_1464,2013-04-23,t,1,74%,t
1465,Host_1465,2010-02-15,t,10,72%,t
1466,Host_1466,2012-05-23,f,1,77%,f
1467,Host_1467,2019-07-15,t,5,94%,t
1468,Host_1468,2014-11-28,t,2,90%,t
1469,Host_1469,2013-12-11,t,2,81%,f
1470,Host_1470,2021-08-14,t,5,81%,f
1471,Host_1471,2020-06-02,t,4,82%,t
1472,Host_1472,2011-02-16,f,1,100%,f
1473,Host_1473,2015-08-04,t,1,88%,f
1474,Host_1474,2012-09-21,t,15,71%,f
1475,Host_1475,2020-03-28,f,2,89%,t
1476,Host_1476,2012-12-28,t,5,74%,t
1477,Host_1477,2020-06-03,t,1,91%,t
1478,Host_1478,2021-11-30,t,1,84%,t
1479,Host_1479,2017-02-12,t,1,100%,f
1480,Host_1480,2019-12-05,f,1,81%,f
1481,Host_1481,2021-04-28,t,1,81%,t
1482,Host_1482,2019-07-28,t,15,84%,t
1483,Host_1483,2022-04-16,t,2,94%,t
1484,Host_1484,2020-01-01,t,1,72%,t
1485,Host_1485,2013-07-27,f,1,88%,t
1486,Host_1486,2020-08-24,f,1,74%,f
1487,Host_1487,2020-02-04,f,5,86%,f
1488,Host_1488,2015-10-25,f,10,81%,f
1489,Host_1489,2015-07-19,f,15,82%,t
1490,Host_1490,2016-03-21,t,1,80%,f
1491,Host_1491,2021-09-10,t,1,90%,f
1492,Host_1492,2020-11-13,f,1,78%,t
1493,Host_1493,2015-05-14,f,1,77%,f
1494,Host_1494,2016-02-28,t,4,100%,t
1495,Host_1495,2019-11-13,t,1,73%,t
1496,Host_1496,2011-09-27,f,10,70%,t
1497,Host_1497,2016-05-29,f,5,93%,f
1498,Host_1498,2015-04-05,t,10,75%,f
1499,Host_1499,2016-02-04,t,10,85%,t
1500,Host_1500,2017-07-14,f,10,86%,f
1501,Host_1501,2017-03-04,t,1,82%,t
1502,Host_1502,2022-02-11,f,1,99%,f
1503,Host_1503,2011-10-23,f,8,87%,t
1504,Host_1504,2013-02-07,f,4,73%,t
1505,Host_1505,2013-05-20,f,2,78%,t
1506,Host_1506,2015-03-10,t,10,94%,t
1507,Host_1507,2018-08-04,t,2,78%,t
1508,Host_1508,2013-06-05,t,1,92%,t
1509,Host_1509,2014-10-19,t,15,84%,f
1510,Host_1510,2011-06-11,t,5,76%,t
1511,Host_1511,2019-04-22,t,2,89%,t
1512,Host_1512,2019-02-22,t,8,79%,t
1513,Host_1513,2017-06-03,t,2,92%,t
1514,Host_1514,2022-03-04,t,8,99%,f
1515,Host_1515,2020-06-13,f,2,85%,t
1516,Host_1516,2019-04-30,t,10,76%,t
1517,Host_1517,2011-05-26,t,2,73%,t
1518,Host_1518,2014-08-22,t,8,74%,f
1519,Host_1519,2019-06-04,t,5,97%,t
1520,Host_1520,2018-09-26,f,1,72%,t
1521,Host_1521,2010-06-10,t,1,84%,f
1522,Host_1522,2018-07-14,t,1,75%,f
1523,Host_1523,2020-09-12,t,2,98%,t
1524,Host_1524,2010-02-18,f,1,92%,t
1525,Host_1525,2017-11-21,t,1,84%,t
1526,Host_1526,2016-09-12,t,4,72%,t
1527,Host_1527,2018-09-30,t,5,95%,t
1528,Host_1528,2019-05-26,t,4,91%,t
1529,Host_1529,2022-01-27,t,2,100%,f
1530,Host_1530,2022-04-01,t,1,97%,t
1531,Host_1531,2014-12-12,t,4,80%,t
1532,Host_1532,2020-12-13,f,4,91%,t
1533,Host_1533,2014-12-03,f,8,81%,t
1534,Host_1534,2016-02-14,t,1,92%,f
1535,Host_1535,2019-10-11,t,8,72%,f
1536,Host_1536,2020-11-22,f,1,87%,t
1537,Host_1537,2010-08-26,t,1,87%,t
1538,Host_1538,2018-09-21,f,2,79%,t
1539,Host_1539,2017-07-16,f,8,98%,t
1540,Host_1540,2019-01-26,f,3,79%,f
1541,Host_1541,2013-09-14,t,15,97%,f
1542,Host_1542,2020-06-25,f,1,75%,f
1543,Host_1543,2012-11-11,t,1,92%,t
1544,Host_1544,2021-12-24,t,2,92%,t
1545,Host_1545,2010-08-09,t,8,99%,t
1546,Host_1546,2018-11-02,f,1,92%,f
1547,Host_1547,2010-08-11,t,8,90%,f
1548,Host_1548,2011-11-19,f,4,75%,f
1549,Host_1549,2019-08-13,t,2,95%,f
1550,Host_1550,2013-01-16,t,1,81%,t
1551,Host_1551,2020-05-10,f,10,86%,t
1552,Host_1552,2014-01-28,t,2,77%,t
1553,Host_1553,2011-02-16,t,2,73%,t
1554,Host_1554,2015-11-02,t,1,76%,t
1555,Host_1555,2018-07-03,f,8,95%,t
1556,Host_1556,2017-05-05,f,2,74%,t
1557,Host_1557,2014-09-30,t,15,77%,t
1558,Host_1558,2020-03-13,t,2,95%,f
1559,Host_1559,2017-05-01,f,2,85%,t
1560,Host_1560,2017-07-27,t,2,70%,f
1561,Host_1561,2018-07-03,t,4,81%,t
1562,Host_1562,2016-03-29,t,8,87%,t
1563,Host_1563,2019-06-16,t,4,88%,f
1564,Host_1564,2015-08-29,f,2,81%,f
1565,Host_1565,2011-11-02,t,10,84%,f
1566,Host_1566,2020-07-19,t,10,95%,t
1567,Host_1567,2010-06-08,t,4,87%,t
1568,Host_1568,2022-02-05,f,10,74%,t
1569,Host_1569,2011-03-03,t,2,89%,f
1570,Host_1570,2017-11-06,t,1,98%,t
1571,Host_1571,2015-01-11,f,4,72%,t
1572,Host_1572,2011-07-17,f,15,72%,t
1573,Host_1573,2010-11-26,f,15,79%,t
1574,Host_1574,2010-09-12,f,1,82%,f
1575,Host_1575,2015-07-19,f,8,92%,f
1576,Host_1576,2014-06-22,f,10,93%,t
1577,Host_1577,2010-06-16,t,10,85%,t
1578,Host_1578,2013-06-02,f,1,86%,t
1579,Host_1579,2015-05-09,f,3,83%,t
1580,Host_1580,2012-10-31,f,4,94%,f
1581,Host_1581,2020-08-15,t,5,83%,t
1582,Host_1582,2012-07-26,t,10,96%,t
1583,Host_1583,2014-11-21,t,8,88%,t
1584,Host_1584,2020-06-06,t,1,72%,f
1585,Host_1585,2015-10-01,f,15,74%,t
1586,Host_1586,2018-04-10,t,10,80%,t
1587,Host_1587,2013-10-06,t,1,90%,t
1588,Host_1588,2012-07-27,t,2,72%,t
1589,Host_1589,2013-09-03,t,2,84%,t
1590,Host_1590,2016-12-23,t,3,84%,t
1591,Host_1591,2012-06-04,t,1,91%,t
1592,Host_1592,2010-07-30,f,5,86%,f
1593,Host_1593,2016-12-30,f,1,81%,t
1594,Host_1594,2018-06-02,t,3,74%,f
1595,Host_1595,2018-11-24,t,2,98%,t
1596,Host_1596,2014-06-13,t,1,96%,t
1597,Host_1597,2011-09-15,f,4,94%,t
1598,Host_1598,2015-06-13,f,8,87%,f
1599,Host_1599,2012-04-14,t,2,90%,f
1600,Host_1600,2016-10-06,t,2,88%,f
1601,Host_1601,2012-09-18,f,3,75%,f
1602,Host_1602,2010-12-03,f,1,94%,t
1603,Host_1603,2017-10-15,t,3,100%,t
1604,Host_1604,2021-12-13,t,4,74%,t
1605,Host_1605,2019-08-11,t,15,83%,t
1606,Host_1606,2018-04-24,t,10,86%,t
1607,Host_1607,2011-07-19,t,10,99%,t
1608,Host_1608,2021-05-07,t,1,97%,t
1609,Host_1609,2017-08-27,t,4,71%,f
1610,Host_1610,2010-04-14,t,1,96%,t
1611,Host_1611,2019-06-04,f,1,73%,t
1612,Host_1612,2020-12-29,t,10,86%,f
1613,Host_1613,2012-05-14,f,2,74%,f
1614,Host_1614,2019-09-22,f,5,79%,f
1615,Host_1615,2018-02-15,t,8,75%,t
1616,Host_1616,2020-04-24,t,4,75%,t
1617,Host_1617,2013-06-07,t,1,80%,t
1618,Host_1618,2019-10-08,t,1,99%,f
1619,Host_1619,2013-12-13,f,8,92%,f
1620,Host_1620,2021-09-14,t,1,77%,f
1621,Host_1621,2016-01-22,f,8,81%,t
1622,Host_1622,2022-01-26,t,5,100%,t
1623,Host_1623,2020-11-04,t,1,100%,t
1624,Host_1624,2020-06-05,t,3,86%,f
1625,Host_1625,2019-10-09,f,2,98%,t
1626,Host_1626,2016-01-08,t,3,79%,t
1627,Host_1627,2017-03-25,t,10,97%,t
1628,Host_1628,2015-07-05,f,2,72%,f
1629,Host_1629,2011-12-11,t,3,78%,f
1630,Host_1630,2016-04-03,t,2,76%,t
1631,Host_1631,2020-02-10,t,15,90%,t
1632,Host_1632,2015-06-21,t,2,100%,f
1633,Host_1633,2020-06-03,f,2,87%,f
1634,Host_1634,2018-07-02,t,1,78%,t
1635,Host_1635,2017-07-18,t,1,74%,f
1636,Host_1636,2010-08-24,t,2,90%,t
1637,Host_1637,2021-02-01,t,8,79%,t
1638,Host_1638,2017-04-16,t,1,89%,f
1639,Host_1639,2014-01-29,f,8,87%,t
1640,Host_1640,2020-12-08,f,1,72%,t
1641,Host_1641,2014-10-04,f,1,86%,t
1642,Host_1642,2017-12-16,t,2,90%,t
1643,Host_1643,2015-10-18,f,3,75%,f
1644,Host_1644,2017-08-20,f,3,88%,t
1645,Host_1645,2016-04-09,t,1,100%,t
1646,Host_1646,2016-03-13,t,4,88%,f
1647,Host_1647,2010-03-25,t,8,74%,t
1648,Host_1648,2021-08-03,t,15,75%,t
1649,Host_1649,2014-04-15,f,10,91%,t
1650,Host_1650,2011-12-03,t,5,89%,f
1651,Host_1651,2015-06-01,t,3,93%,t
1652,Host_1652,2019-02-12,t,5,98%,t
1653,Host_1653,2020-12-16,t,2,89%,t
1654,Host_1654,2015-05-23,t,5,80%,f
1655,Host_1655,2020-09-05,t,10,96%,f
1656,Host_1656,2021-01-03,t,2,99%,f
1657,Host_1657,2020-01-20,t,10,88%,f
1658,Host_1658,2010-05-22,t,5,71%,t
1659,Host_1659,2012-02-02,t,10,96%,f
1660,Host_1660,2016-08-07,t,1,97%,t
1661,Host_1661,2014-12-21,t,2,70%,t
1662,Host_1662,2019-01-26,f,8,72%,t
1663,Host_1663,2015-06-17,t,2,71%,f
1664,Host_1664,2016-11-13,t,15,100%,f
1665,Host_1665,2018-04-12,t,3,90%,t
1666,Host_1666,2020-08-12,t,1,94%,t
1667,Host_1667,2021-11-28,f,8,88%,t
1668,Host_1668,2017-09-17,f,1,78%,f
1669,Host_1669,2019-07-18,t,2,90%,f
1670,Host_1670,2017-06-02,f,2,76%,t
1671,Host_1671,2017-11-22,f,1,94%,f
1672,Host_1672,2020-03-06,f,3,88%,t
1673,Host_1673,2016-01-29,t,1,83%,t
1674,Host_1674,2016-11-16,t,1,89%,f
1675,Host_1675,2015-08-22,t,2,90%,f
1676,Host_1676,2015-03-04,f,8,70%,f
1677,Host_1677,2012-09-15,t,1,85%,t
1678,Host_1678,2014-04-27,t,10,98%,t
1679,Host_1679,2017-01-28,t,5,90%,t
1680,Host_1680,2012-09-06,t,1,87%,t
1681,Host_1681,2022-01-07,t,15,79%,f
1682,Host_1682,2014-02-25,t,2,90%,t
1683,Host_1683,2014-04-19,f,4,100%,t
1684,Host_1684,2014-11-08,t,5,79%,t
1685,Host_1685,2020-11-10,f,1,85%,f
1686,Host_1686,2016-03-15,t,3,77%,f
1687,Host_1687,2021-10-07,f,1,95%,t
1688,Host_1688,2016-05-07,f,1,95%,t
1689,Host_1689,2012-04-03,t,1,91%,t
1690,Host_1690,2014-05-10,t,15,82%,t
1691,Host_1691,2016-08-23,t,2,79%,t
1692,Host_1692,2015-02-07,t,10,84%,t
1693,Host_1693,2018-02-04,t,8,72%,t
1694,Host_1694,2014-01-09,t,3,92%,t
1695,Host_1695,2016-10-12,t,15,71%,f
1696,Host_1696,2010-04-26,f,15,75%,t
1697,Host_1697,2021-12-24,t,1,84%,f
1698,Host_1698,2012-11-02,f,1,83%,t
1699,Host_1699,2016-02-26,t,1,85%,t
1700,Host_1700,2011-01-08,t,8,84%,f
1701,Host_1701,2011-03-23,t,1,76%,t
1702,Host_1702,2016-07-21,t,1,80%,f
1703,Host_1703,2012-10-31,t,2,89%,f
1704,Host_1704,2021-01-04,t,4,74%,t
1705,Host_1705,2012-04-20,f,3,80%,t
1706,Host_1706,2010-04-11,t,1,97%,t
1707,Host_1707,2016-05-18,f,2,92%,t
1708,Host_1708,2020-07-12,t,2,80%,t
1709,Host_1709,2020-09-26,t,3,93%,f
1710,Host_1710,2019-11-18,t,1,97%,t
1711,Host_1711,2017-08-23,f,2,81%,t
1712,Host_1712,2014-02-19,t,4,82%,f
1713,Host_1713,2011-02-25,t,2,74%,t
1714,Host_1714,2015-08-31,t,2,94%,f
1715,Host_1715,2020-09-18,t,2,81%,t
1716,Host_1716,2012-07-23,t,10,86%,t
1717,Host_1717,2011-06-20,f,10,87%,t
1718,Host_1718,2018-12-27,f,1,73%,t
1719,Host_1719,2021-01-11,t,1,80%,f
1720,Host_1720,2011-08-30,f,2,77%,t
1721,Host_1721,2011-03-16,f,8,84%,f
1722,Host_1722,2013-05-27,t,1,73%,t
1723,Host_1723,2013-05-07,t,1,78%,f
1724,Host_1724,2016-10-25,t,2,84%,t
1725,Host_1725,2011-11-29,f,1,77%,t
1726,Host_1726,2015-07-27,f,1,74%,t
1727,Host_1727,2012-08-28,t,5,73%,f
1728,Host_1728,2019-05-03,t,1,71%,f
1729,Host_1729,2015-01-23,t,5,79%,t
1730,Host_1730,2021-09-20,t,4,100%,t
1731,Host_1731,2018-07-14,t,10,82%,t
1732,Host_1732,2020-02-08,t,10,97%,t
1733,Host_1733,2019-12-06,t,1,89%,f
1734,Host_1734,2016-09-01,f,3,83%,t
1735,Host_1735,2019-08-14,t,3,77%,f
1736,Host_1736,2016-11-06,f,1,100%,f
1737,Host_1737,2011-05-09,t,15,97%,f
1738,Host_1738,2012-03-23,t,1,98%,t
1739,Host_1739,2014-08-30,f,1,75%,t
1740,Host_1740,2014-09-25,t,3,96%,t
1741,Host_1741,2015-12-08,t,2,80%,t
1742,Host_1742,2011-10-28,f,15,99%,t
1743,Host_1743,2013-07-10,f,8,88%,f
1744,Host_1744,2015-05-19,t,1,93%,t
1745,Host_1745,2013-11-24,f,4,80%,f
1746,Host_1746,2011-09-07,f,2,76%,t
1747,Host_1747,2013-07-06,f,2,94%,t
1748,Host_1748,2010-01-22,f,1,75%,t
1749,Host_1749,2019-03-01,f,15,85%,t
1750,Host_1750,2020-02-08,t,1,86%,f
1751,Host_1751,2020-07-16,f,4,84%,t
1752,Host_1752,2016-07-13,t,3,85%,f
1753,Host_1753,2010-09-25,t,1,98%,t
1754,Host_1754,2015-03-12,t,3,79%,f
1755,Host_1755,2016-06-18,t,1,85%,f
1756,Host_1756,2016-05-05,t,1,70%,t
1757,Host_1757,2020-03-08,t,1,72%,t
1758,Host_1758,2011-08-07,f,15,100%,f
1759,Host_1759,2015-03-28,t,1,82%,t
1760,Host_1760,2015-12-08,t,1,86%,f
1761,Host_1761,2014-06-09,f,2,84%,f
1762,Host_1762,2019-07-15,t,8,100%,t
1763,Host_1763,2012-07-29,t,3,77%,f
1764,Host_1764,2022-03-20,f,1,76%,f
1765,Host_1765,2015-01-16,t,5,88%,t
1766,Host_1766,2013-05-05,t,4,81%,t
1767,Host_1767,2015-12-17,t,10,71%,t
1768,Host_1768,2013-03-11,t,1,71%,t
1769,Host_1769,2011-08-08,t,1,79%,t
1770,Host_1770,2011-05-04,t,2,85%,t
1771,Host_1771,2013-09-21,t,2,89%,t
1772,Host_1772,2016-11-24,t,10,98%,f
1773,Host_1773,2016-06-22,t,5,96%,f
1774,Host_1774,2019-11-07,f,1,90%,f
1775,Host_1775,2012-10-15,t,10,91%,t
1776,Host_1776,2020-07-06,f,1,85%,t
1777,Host_1777,2016-10-27,f,2,79%,t
1778,Host_1778,2019-01-11,f,5,87%,f
1779,Host_1779,2016-02-09,t,2,70%,t
1780,Host_1780,2021-03-23,t,1,97%,t
1781,Host_1781,2022-02-10,f,3,73%,t
1782,Host_1782,2021-01-28,f,2,83%,t
1783,Host_1783,2019-10-27,f,1,74%,t
1784,Host_1784,2011-10-21,t,15,98%,f
1785,Host_1785,2010-11-23,t,15,78%,t
1786,Host_1786,2019-09-10,f,15,93%,t
1787,Host_1787,2017-03-25,f,1,81%,t
1788,Host_1788,2015-08-14,t,8,94%,f
1789,Host_1789,2010-07-31,t,4,82%,f
1790,Host_1790,2012-01-19,f,4,81%,f
1791,Host_1791,2015-02-19,t,15,71%,t
1792,Host_1792,2010-06-19,f,3,82%,t
1793,Host_1793,2016-01-17,t,5,71%,f
1794,Host_1794,2010-11-26,t,2,88%,t
1795,Host_1795,2013-12-06,t,5,87%,t
1796,Host_1796,2020-07-21,t,2,76%,f
1797,Host_1797,2021-08-22,t,5,81%,t
1798,Host_1798,2019-12-02,f,8,87%,t
1799,Host_1799,2016-03-28,t,1,79%,t
1800,Host_1800,2014-01-26,f,1,72%,t
